Rank,Title,Year,IMDb Rating,URL
1,F1: The Movie,,7.7,https://www.imdb.com/title/tt16311594/?ref_=ls_i_1
2,Superman,,7.1,https://www.imdb.com/title/tt5950044/?ref_=ls_i_2
3,One Battle After Another,,7.8,https://www.imdb.com/title/tt30144839/?ref_=ls_i_3
4,Sinners,,7.5,https://www.imdb.com/title/tt31193180/?ref_=ls_i_4
5,Weapons,,7.5,https://www.imdb.com/title/tt26581740/?ref_=ls_i_5
6,Thunderbolts*,,7.1,https://www.imdb.com/title/tt20969586/?ref_=ls_i_6
7,Ballerina,,6.8,https://www.imdb.com/title/tt7181546/?ref_=ls_i_7
8,Frankenstein,,7.5,https://www.imdb.com/title/tt1312221/?ref_=ls_i_8
9,Mission: Impossible - The Final Reckoning,,7.2,https://www.imdb.com/title/tt9603208/?ref_=ls_i_9
10,The Fantastic Four: First Steps,,6.8,https://www.imdb.com/title/tt10676052/?ref_=ls_i_10
11,Wake Up Dead Man,,7.4,https://www.imdb.com/title/tt14364480/?ref_=ls_i_11
12,28 Years Later,,6.6,https://www.imdb.com/title/tt10548174/?ref_=ls_i_12
13,Predator: Badlands,,7.3,https://www.imdb.com/title/tt31227572/?ref_=ls_i_13
14,The Accountant 2,,6.6,https://www.imdb.com/title/tt7068946/?ref_=ls_i_14
15,Jurassic World: Rebirth,,5.8,https://www.imdb.com/title/tt31036941/?ref_=ls_i_15
16,The Naked Gun,,6.4,https://www.imdb.com/title/tt3402138/?ref_=ls_i_16
17,Final Destination: Bloodlines,,6.7,https://www.imdb.com/title/tt9619824/?ref_=ls_i_17
18,How to Train Your Dragon,,7.8,https://www.imdb.com/title/tt26743210/?ref_=ls_i_18
19,Tron: Ares,,6.2,https://www.imdb.com/title/tt6604188/?ref_=ls_i_19
20,Happy Gilmore 2,,6.1,https://www.imdb.com/title/tt31868189/?ref_=ls_i_20
21,Companion,,6.9,https://www.imdb.com/title/tt26584495/?ref_=ls_i_21
22,Anaconda,,6.0,https://www.imdb.com/title/tt33244668/?ref_=ls_i_22
23,Black Phone 2,,6.1,https://www.imdb.com/title/tt29644189/?ref_=ls_i_23
24,The Gorge,,6.7,https://www.imdb.com/title/tt13654226/?ref_=ls_i_24
25,Avatar: Fire and Ash,,7.4,https://www.imdb.com/title/tt1757678/?ref_=ls_i_25
26,The Long Walk,,6.7,https://www.imdb.com/title/tt10374610/?ref_=ls_i_26
27,Mickey 17,,6.7,https://www.imdb.com/title/tt12299608/?ref_=ls_i_27
28,A Minecraft Movie,,5.6,https://www.imdb.com/title/tt3566834/?ref_=ls_i_28
29,Hamnet,,8.1,https://www.imdb.com/title/tt14905854/?ref_=ls_i_29
30,The Amateur,,6.5,https://www.imdb.com/title/tt0899043/?ref_=ls_i_30
31,Heads of State,,6.4,https://www.imdb.com/title/tt13357520/?ref_=ls_i_31
32,Captain America: Brave New World,,5.6,https://www.imdb.com/title/tt14513804/?ref_=ls_i_32
33,M3GAN 2.0,,6.0,https://www.imdb.com/title/tt26342662/?ref_=ls_i_33
34,Good Fortune,,6.5,https://www.imdb.com/title/tt27543578/?ref_=ls_i_34
35,Deep Cover,,6.7,https://www.imdb.com/title/tt31121295/?ref_=ls_i_35
36,A House of Dynamite,,6.4,https://www.imdb.com/title/tt32376165/?ref_=ls_i_36
37,Christy,,6.3,https://www.imdb.com/title/tt32323252/?ref_=ls_i_37
38,The Housemaid,,7.0,https://www.imdb.com/title/tt27543632/?ref_=ls_i_38
39,Winter Spring Summer or Fall,,6.1,https://www.imdb.com/title/tt24515124/?ref_=ls_i_39
40,Heart Eyes,,6.0,https://www.imdb.com/title/tt32558992/?ref_=ls_i_40
41,Predator: Killer of Killers,,7.4,https://www.imdb.com/title/tt36463894/?ref_=ls_i_41
42,Caught Stealing,,6.9,https://www.imdb.com/title/tt1493274/?ref_=ls_i_42
43,Karate Kid: Legends,,6.3,https://www.imdb.com/title/tt1674782/?ref_=ls_i_43
44,The Roses,,6.7,https://www.imdb.com/title/tt31973693/?ref_=ls_i_44
45,Novocaine,,6.5,https://www.imdb.com/title/tt29603959/?ref_=ls_i_45
46,Nobody 2,,6.3,https://www.imdb.com/title/tt28996126/?ref_=ls_i_46
47,Eddington,,6.6,https://www.imdb.com/title/tt31176520/?ref_=ls_i_47
48,The Thursday Murder Club,,6.5,https://www.imdb.com/title/tt12001534/?ref_=ls_i_48
49,The Life of Chuck,,7.3,https://www.imdb.com/title/tt12908150/?ref_=ls_i_49
50,The Pickup,,5.4,https://www.imdb.com/title/tt30445556/?ref_=ls_i_50
51,Materialists,,6.3,https://www.imdb.com/title/tt30253473/?ref_=ls_i_51
52,KPop Demon Hunters,,7.5,https://www.imdb.com/title/tt14205554/?ref_=ls_i_52
53,Back in Action,,5.9,https://www.imdb.com/title/tt21191806/?ref_=ls_i_53
54,Nonnas,,6.8,https://www.imdb.com/title/tt28309594/?ref_=ls_i_54
55,Now You See Me: Now You Don't,,6.0,https://www.imdb.com/title/tt4712810/?ref_=ls_i_55
56,The Running Man,,6.4,https://www.imdb.com/title/tt14107334/?ref_=ls_i_56
57,Sisu: Road to Revenge,,6.8,https://www.imdb.com/title/tt31844586/?ref_=ls_i_57
58,Train Dreams,,7.6,https://www.imdb.com/title/tt29768334/?ref_=ls_i_58
59,Eternity,,7.0,https://www.imdb.com/title/tt24950660/?ref_=ls_i_59
60,Rental Family,,7.7,https://www.imdb.com/title/tt14142060/?ref_=ls_i_60
61,Bugonia,,7.4,https://www.imdb.com/title/tt12300742/?ref_=ls_i_61
62,Another Simple Favor,,5.3,https://www.imdb.com/title/tt20214908/?ref_=ls_i_62
63,Warfare,,7.2,https://www.imdb.com/title/tt31434639/?ref_=ls_i_63
64,Fountain of Youth,,5.7,https://www.imdb.com/title/tt27075958/?ref_=ls_i_64
65,Wicked: For Good,,6.7,https://www.imdb.com/title/tt19847976/?ref_=ls_i_65
66,My Oxford Year,,5.9,https://www.imdb.com/title/tt4978342/?ref_=ls_i_66
67,No Other Choice,,7.6,https://www.imdb.com/title/tt1527793/?ref_=ls_i_67
68,Havoc,,5.6,https://www.imdb.com/title/tt14123284/?ref_=ls_i_68
69,Honey Don't!,,5.2,https://www.imdb.com/title/tt30645201/?ref_=ls_i_69
70,Oh. What. Fun.,,5.3,https://www.imdb.com/title/tt31998881/?ref_=ls_i_70
71,Jingle Bell Heist,,5.8,https://www.imdb.com/title/tt24852126/?ref_=ls_i_71
72,The Monkey,,5.9,https://www.imdb.com/title/tt27714946/?ref_=ls_i_72
73,Jay Kelly,,6.6,https://www.imdb.com/title/tt30446847/?ref_=ls_i_73
74,Eenie Meanie,,5.9,https://www.imdb.com/title/tt15514498/?ref_=ls_i_74
75,Highest 2 Lowest,,5.5,https://www.imdb.com/title/tt31194612/?ref_=ls_i_75
76,Sentimental Value,,7.9,https://www.imdb.com/title/tt27714581/?ref_=ls_i_76
77,A Big Bold Beautiful Journey,,6.0,https://www.imdb.com/title/tt13650700/?ref_=ls_i_77
78,Die My Love,,6.1,https://www.imdb.com/title/tt9362736/?ref_=ls_i_78
79,Dangerous Animals,,6.4,https://www.imdb.com/title/tt32299316/?ref_=ls_i_79
80,The Smashing Machine,,6.4,https://www.imdb.com/title/tt11214558/?ref_=ls_i_80
81,She Rides Shotgun,,6.5,https://www.imdb.com/title/tt27986457/?ref_=ls_i_81
82,The Family Plan 2,,5.6,https://www.imdb.com/title/tt34276058/?ref_=ls_i_82
83,A Working Man,,5.7,https://www.imdb.com/title/tt9150192/?ref_=ls_i_83
84,Black Bag,,6.7,https://www.imdb.com/title/tt30988739/?ref_=ls_i_84
85,The Bad Guys 2,,7.0,https://www.imdb.com/title/tt30017619/?ref_=ls_i_85
86,Dracula,,6.2,https://www.imdb.com/title/tt31434030/?ref_=ls_i_86
87,Exterritorial,,5.8,https://www.imdb.com/title/tt30876483/?ref_=ls_i_87
88,Together,,6.7,https://www.imdb.com/title/tt31184028/?ref_=ls_i_88
89,The Phoenician Scheme,,6.6,https://www.imdb.com/title/tt30840798/?ref_=ls_i_89
90,Champagne Problems,,6.0,https://www.imdb.com/title/tt33053440/?ref_=ls_i_90
91,Eden,,6.5,https://www.imdb.com/title/tt23149780/?ref_=ls_i_91
92,Drop,,6.1,https://www.imdb.com/title/tt32149847/?ref_=ls_i_92
93,The Conjuring: Last Rites,,6.2,https://www.imdb.com/title/tt22898462/?ref_=ls_i_93
94,Freaky Tales,,6.3,https://www.imdb.com/title/tt21942598/?ref_=ls_i_94
95,The Electric State,,5.9,https://www.imdb.com/title/tt7766378/?ref_=ls_i_95
96,Lilo & Stitch,,6.7,https://www.imdb.com/title/tt11655566/?ref_=ls_i_96
97,Steve,,6.4,https://www.imdb.com/title/tt32985279/?ref_=ls_i_97
98,Lurker,,6.8,https://www.imdb.com/title/tt13651462/?ref_=ls_i_98
99,Den of Thieves: Pantera,,6.3,https://www.imdb.com/title/tt8008948/?ref_=ls_i_99
100,The Lost Bus,,6.8,https://www.imdb.com/title/tt21103218/?ref_=ls_i_100
101,Swiped,,6.4,https://www.imdb.com/title/tt31909270/?ref_=ls_i_101
102,Straw,,6.5,https://www.imdb.com/title/tt32550101/?ref_=ls_i_102
103,Playdate,,5.5,https://www.imdb.com/title/tt31425731/?ref_=ls_i_103
104,Dead of Winter,,6.1,https://www.imdb.com/title/tt7574556/?ref_=ls_i_104
105,Code 3,,7.2,https://www.imdb.com/title/tt26394837/?ref_=ls_i_105
106,Is This Thing On?,,7.1,https://www.imdb.com/title/tt28083456/?ref_=ls_i_106
107,The Woman in Cabin 10,,5.8,https://www.imdb.com/title/tt7130300/?ref_=ls_i_107
108,A Widow's Game,,6.2,https://www.imdb.com/title/tt33474172/?ref_=ls_i_108
109,Death of a Unicorn,,5.8,https://www.imdb.com/title/tt28443655/?ref_=ls_i_109
110,Fear Street: Prom Queen,,5.1,https://www.imdb.com/title/tt31433402/?ref_=ls_i_110
111,Americana,,5.9,https://www.imdb.com/title/tt17676734/?ref_=ls_i_111
112,The Unholy Trinity,,5.5,https://www.imdb.com/title/tt6300910/?ref_=ls_i_112
113,G20,,5.1,https://www.imdb.com/title/tt23476986/?ref_=ls_i_113
114,Snow White,,2.2,https://www.imdb.com/title/tt6208148/?ref_=ls_i_114
115,Fight or Flight,,6.4,https://www.imdb.com/title/tt13652286/?ref_=ls_i_115
116,Marty Supreme,,8.2,https://www.imdb.com/title/tt32916440/?ref_=ls_i_116
117,The Ugly Stepsister,,7.0,https://www.imdb.com/title/tt29344903/?ref_=ls_i_117
118,Elio,,6.7,https://www.imdb.com/title/tt4900148/?ref_=ls_i_118
119,The Legend of Ochi,,5.8,https://www.imdb.com/title/tt8866456/?ref_=ls_i_119
120,The Life List,,6.8,https://www.imdb.com/title/tt2172954/?ref_=ls_i_120
121,40 Acres,,6.5,https://www.imdb.com/title/tt29634843/?ref_=ls_i_121
122,The Old Guard 2,,5.1,https://www.imdb.com/title/tt14961624/?ref_=ls_i_122
123,Bring Her Back,,7.1,https://www.imdb.com/title/tt32246771/?ref_=ls_i_123
124,Friendship,,6.6,https://www.imdb.com/title/tt30505698/?ref_=ls_i_124
125,The Toxic Avenger,,5.9,https://www.imdb.com/title/tt1633359/?ref_=ls_i_125
126,Relay,,7.0,https://www.imdb.com/title/tt11539996/?ref_=ls_i_126
127,After the Hunt,,5.7,https://www.imdb.com/title/tt32159989/?ref_=ls_i_127
128,Love Hurts,,5.3,https://www.imdb.com/title/tt30788842/?ref_=ls_i_128
129,Locked,,5.7,https://www.imdb.com/title/tt26671996/?ref_=ls_i_129
130,"Sorry, Baby",,7.2,https://www.imdb.com/title/tt32843349/?ref_=ls_i_130
131,Freakier Friday,,6.3,https://www.imdb.com/title/tt31956415/?ref_=ls_i_131
132,Sovereign,,6.5,https://www.imdb.com/title/tt26843513/?ref_=ls_i_132
133,Bridget Jones: Mad About the Boy,,6.5,https://www.imdb.com/title/tt32063050/?ref_=ls_i_133
134,The Woman in the Yard,,5.0,https://www.imdb.com/title/tt31314296/?ref_=ls_i_134
135,Echo Valley,,6.2,https://www.imdb.com/title/tt27052633/?ref_=ls_i_135
136,The Assessment,,6.6,https://www.imdb.com/title/tt32768323/?ref_=ls_i_136
137,Flight Risk,,5.2,https://www.imdb.com/title/tt10078772/?ref_=ls_i_137
138,The Surfer,,5.9,https://www.imdb.com/title/tt27813235/?ref_=ls_i_138
139,My Fault: London,,6.2,https://www.imdb.com/title/tt32434379/?ref_=ls_i_139
140,Borderline,,5.5,https://www.imdb.com/title/tt13650814/?ref_=ls_i_140
141,Holland,,5.0,https://www.imdb.com/title/tt3045628/?ref_=ls_i_141
142,Until Dawn,,5.7,https://www.imdb.com/title/tt30955489/?ref_=ls_i_142
143,Wolf Man,,5.6,https://www.imdb.com/title/tt4216984/?ref_=ls_i_143
144,"Silent Night, Deadly Night",,6.4,https://www.imdb.com/title/tt34508974/?ref_=ls_i_144
145,Demon Slayer: Kimetsu no Yaiba Infinity Castle,,8.4,https://www.imdb.com/title/tt32820897/?ref_=ls_i_145
146,One of Them Days,,6.5,https://www.imdb.com/title/tt32221196/?ref_=ls_i_146
147,Hallow Road,,6.0,https://www.imdb.com/title/tt19403516/?ref_=ls_i_147
148,Late Shift,,7.7,https://www.imdb.com/title/tt32204858/?ref_=ls_i_148
149,La Dolce Villa,,6.0,https://www.imdb.com/title/tt31519456/?ref_=ls_i_149
150,Cleaner,,5.2,https://www.imdb.com/title/tt27812086/?ref_=ls_i_150
151,The King of Kings,,6.8,https://www.imdb.com/title/tt7967302/?ref_=ls_i_151
152,Contraataque,,6.0,https://www.imdb.com/title/tt23648788/?ref_=ls_i_152
153,The Witcher: Sirens of the Deep,,6.1,https://www.imdb.com/title/tt15495150/?ref_=ls_i_153
154,Twinless,,7.4,https://www.imdb.com/title/tt31322753/?ref_=ls_i_154
155,Riff Raff,,5.7,https://www.imdb.com/title/tt27775403/?ref_=ls_i_155
156,Bullet Train Explosion,,6.2,https://www.imdb.com/title/tt33452974/?ref_=ls_i_156
157,Bring Them Down,,6.4,https://www.imdb.com/title/tt14186876/?ref_=ls_i_157
158,The Shrouds,,5.7,https://www.imdb.com/title/tt20212786/?ref_=ls_i_158
159,Ad Vitam,,5.9,https://www.imdb.com/title/tt32138452/?ref_=ls_i_159
160,The Ballad of Wallis Island,,7.4,https://www.imdb.com/title/tt27674982/?ref_=ls_i_160
161,Zootopia 2,,7.5,https://www.imdb.com/title/tt26443597/?ref_=ls_i_161
162,The SpongeBob Movie: Search for SquarePants,,5.8,https://www.imdb.com/title/tt23572848/?ref_=ls_i_162
163,Dust Bunny,,6.6,https://www.imdb.com/title/tt23172090/?ref_=ls_i_163
164,Five Nights at Freddy's 2,,5.2,https://www.imdb.com/title/tt30274401/?ref_=ls_i_164
165,Brick,,5.5,https://www.imdb.com/title/tt31806049/?ref_=ls_i_165
166,Good Boy,,6.1,https://www.imdb.com/title/tt35521922/?ref_=ls_i_166
167,The Parenting,,5.7,https://www.imdb.com/title/tt14041896/?ref_=ls_i_167
168,Night Always Comes,,5.9,https://www.imdb.com/title/tt31567422/?ref_=ls_i_168
169,Clown in a Cornfield,,5.6,https://www.imdb.com/title/tt23060698/?ref_=ls_i_169
170,In Your Dreams,,6.5,https://www.imdb.com/title/tt27604215/?ref_=ls_i_170
171,Roofman,,7.0,https://www.imdb.com/title/tt4627382/?ref_=ls_i_171
172,Downton Abbey: The Grand Finale,,7.3,https://www.imdb.com/title/tt31888477/?ref_=ls_i_172
173,Splitsville,,6.5,https://www.imdb.com/title/tt33247023/?ref_=ls_i_173
174,Anemone,,5.6,https://www.imdb.com/title/tt33549447/?ref_=ls_i_174
175,It Was Just an Accident,,7.5,https://www.imdb.com/title/tt36491653/?ref_=ls_i_175
176,The Mastermind,,6.3,https://www.imdb.com/title/tt33455099/?ref_=ls_i_176
177,Springsteen: Deliver Me from Nowhere,,6.7,https://www.imdb.com/title/tt31923069/?ref_=ls_i_177
178,Regretting You,,6.0,https://www.imdb.com/title/tt33088452/?ref_=ls_i_178
179,Nuremberg,,7.4,https://www.imdb.com/title/tt29567915/?ref_=ls_i_179
180,Blue Moon,,6.9,https://www.imdb.com/title/tt32536315/?ref_=ls_i_180
181,"Oh, Hi!",,6.2,https://www.imdb.com/title/tt33292655/?ref_=ls_i_181
182,Primitive War,,5.3,https://www.imdb.com/title/tt18312380/?ref_=ls_i_182
183,Wall to Wall,,5.9,https://www.imdb.com/title/tt32237537/?ref_=ls_i_183
184,Neighborhood Watch,,6.2,https://www.imdb.com/title/tt1714918/?ref_=ls_i_184
185,Tehran,,5.9,https://www.imdb.com/title/tt21818782/?ref_=ls_i_185
186,Troll 2,,5.3,https://www.imdb.com/title/tt29232158/?ref_=ls_i_186
187,Silent Zone,,5.9,https://www.imdb.com/title/tt9023964/?ref_=ls_i_187
188,Tornado,,5.6,https://www.imdb.com/title/tt27721490/?ref_=ls_i_188
189,The Baltimorons,,6.9,https://www.imdb.com/title/tt35520290/?ref_=ls_i_189
190,If I Had Legs I'd Kick You,,6.7,https://www.imdb.com/title/tt18382850/?ref_=ls_i_190
191,Night of the Reaper,,5.9,https://www.imdb.com/title/tt34379050/?ref_=ls_i_191
192,All of You,,6.3,https://www.imdb.com/title/tt30852384/?ref_=ls_i_192
193,Nouvelle Vague,,7.3,https://www.imdb.com/title/tt31688586/?ref_=ls_i_193
194,Plainclothes,,7.1,https://www.imdb.com/title/tt27550504/?ref_=ls_i_194
195,You're Cordially Invited,,5.5,https://www.imdb.com/title/tt21227864/?ref_=ls_i_195
196,Adulthood,,5.5,https://www.imdb.com/title/tt26657977/?ref_=ls_i_196
197,Anniversary,,6.7,https://www.imdb.com/title/tt12583926/?ref_=ls_i_197
198,Opus,,5.7,https://www.imdb.com/title/tt29929565/?ref_=ls_i_198
199,The Home,,5.5,https://www.imdb.com/title/tt17023012/?ref_=ls_i_199
200,Merv,,5.5,https://www.imdb.com/title/tt31281659/?ref_=ls_i_200
201,Hot Milk,,5.6,https://www.imdb.com/title/tt17538632/?ref_=ls_i_201
202,The Last Rodeo,,6.3,https://www.imdb.com/title/tt30908405/?ref_=ls_i_202
203,I Don't Understand You,,5.4,https://www.imdb.com/title/tt27623406/?ref_=ls_i_203
204,Queen of the Ring,,6.4,https://www.imdb.com/title/tt28070202/?ref_=ls_i_204
205,The Secret Agent,,7.8,https://www.imdb.com/title/tt27847051/?ref_=ls_i_205
206,I Swear,,8.4,https://www.imdb.com/title/tt31514146/?ref_=ls_i_206
207,The Siege at Thorn High,,6.5,https://www.imdb.com/title/tt33479839/?ref_=ls_i_207
208,Saiyaara,,6.3,https://www.imdb.com/title/tt28037987/?ref_=ls_i_208
209,Kiss of the Spider Woman,,5.7,https://www.imdb.com/title/tt30400277/?ref_=ls_i_209
210,The Map That Leads to You,,6.2,https://www.imdb.com/title/tt33549478/?ref_=ls_i_210
211,Summer of 69,,5.8,https://www.imdb.com/title/tt32378300/?ref_=ls_i_211
212,Keeper,,5.5,https://www.imdb.com/title/tt32332404/?ref_=ls_i_212
213,Hunting Season,,5.7,https://www.imdb.com/title/tt32537226/?ref_=ls_i_213
214,Hedda,,5.8,https://www.imdb.com/title/tt27953589/?ref_=ls_i_214
215,I Know What You Did Last Summer,,5.1,https://www.imdb.com/title/tt4045450/?ref_=ls_i_215
216,My Dead Friend Zoe,,6.5,https://www.imdb.com/title/tt22022784/?ref_=ls_i_216
217,Last Bullet,,6.3,https://www.imdb.com/title/tt29768333/?ref_=ls_i_217
218,It Feeds,,5.6,https://www.imdb.com/title/tt28230296/?ref_=ls_i_218
219,Zombies 4: Dawn of the Vampires,,5.5,https://www.imdb.com/title/tt31241595/?ref_=ls_i_219
220,My Secret Santa,,5.6,https://www.imdb.com/title/tt35219851/?ref_=ls_i_220
221,Him,,5.0,https://www.imdb.com/title/tt20990442/?ref_=ls_i_221
222,Marching Powder,,5.3,https://www.imdb.com/title/tt30324320/?ref_=ls_i_222
223,David,,7.5,https://www.imdb.com/title/tt15678738/?ref_=ls_i_223
224,Everything's Going to Be Great,,5.6,https://www.imdb.com/title/tt27560723/?ref_=ls_i_224
225,Dhurandhar,,8.5,https://www.imdb.com/title/tt33014583/?ref_=ls_i_225
226,Thamma,,5.9,https://www.imdb.com/title/tt28102562/?ref_=ls_i_226
227,Raid 2,,6.6,https://www.imdb.com/title/tt28089700/?ref_=ls_i_227
228,Plankton: The Movie,,5.3,https://www.imdb.com/title/tt32560777/?ref_=ls_i_228
229,Sore: A Wife from the Future,,7.7,https://www.imdb.com/title/tt34548722/?ref_=ls_i_229
230,The Thing with Feathers,,5.8,https://www.imdb.com/title/tt27773954/?ref_=ls_i_230
231,Ella McCay,,5.1,https://www.imdb.com/title/tt30096221/?ref_=ls_i_231
232,Urchin,,6.8,https://www.imdb.com/title/tt35715953/?ref_=ls_i_232
233,Iron Lung,,,https://www.imdb.com/title/tt27564844/?ref_=ls_i_233
234,Fackham Hall,,6.4,https://www.imdb.com/title/tt29008225/?ref_=ls_i_234
235,Sacramento,,5.9,https://www.imdb.com/title/tt13491834/?ref_=ls_i_235
236,A Merry Little Ex-Mas,,5.3,https://www.imdb.com/title/tt34992378/?ref_=ls_i_236
237,The Friend,,6.4,https://www.imdb.com/title/tt18108824/?ref_=ls_i_237
238,The Alto Knights,,5.9,https://www.imdb.com/title/tt21815562/?ref_=ls_i_238
239,Halloween Aftermath,,5.9,https://www.imdb.com/title/tt25785230/?ref_=ls_i_239
240,The Cut,,5.6,https://www.imdb.com/title/tt26697087/?ref_=ls_i_240
241,Chainsaw Man - The Movie: Reze Arc,,8.4,https://www.imdb.com/title/tt30472557/?ref_=ls_i_241
242,The Shadow's Edge,,7.2,https://www.imdb.com/title/tt34610311/?ref_=ls_i_242
243,The Threesome,,6.2,https://www.imdb.com/title/tt21187592/?ref_=ls_i_243
244,Last Breath,,6.6,https://www.imdb.com/title/tt14403504/?ref_=ls_i_244
245,Influencers,,5.9,https://www.imdb.com/title/tt36833584/?ref_=ls_i_245
246,Soul on Fire,,6.5,https://www.imdb.com/title/tt28078628/?ref_=ls_i_246
247,Eleanor the Great,,6.6,https://www.imdb.com/title/tt30268321/?ref_=ls_i_247
248,Amsterdamned II,,5.8,https://www.imdb.com/title/tt29943172/?ref_=ls_i_248
249,Jane Austen Wrecked My Life,,6.2,https://www.imdb.com/title/tt31112509/?ref_=ls_i_249
250,Everything I Ever Wanted,,7.9,https://www.imdb.com/title/tt30877530/?ref_=ls_i_250
